attribute_targets,stg_attribute_targets
attribute_values,stg_attribute_values
forms,stg_forms
routes,stg_routes
items,stg_items
notes,stg_notes
organizations,stg_organizations
stops,stg_stops
users,stg_users
purchasers,stg_purchasers
purchaser_factors,stg_purchaser_factors
leases,stg_leases
template_definitions,stg_template_definitions
template_submissions,stg_template_submissions
template_submission_edits,stg_template_submission_edits
attribute_types,stg_attribute_types
organization_units,stg_organization_units
mv_items,dim_items
mv_stops,dim_stops
mv_routes,dim_routes
mv_production_item_lookup,dim_production_item
mv_stop_headers,dim_stop_headers
mv_users,dim_users
core,schema_name
pivot_items,item_crosstab
pivot_tickets,tickets_crosstab
pivot_forms,forms_crosstab
pivot_flowback_items,flowback_items_crosstab